region,long,lat,pm25_avg_overall,ind,is_winter,pm25_avg_winter,is_summer,pm25_avg_summer,severe_day,severe_prop,county,district
臺北市中正區,121.5198839,25.03240487,15.125021786829414,True,True,15.342612721417076,True,12.366427661028322,11,3.0136986301369864,臺北市,中正區
臺北市大同區,121.5130417,25.06342433,15.945125987718216,True,True,15.496736934563021,True,12.814450864982529,13,3.5616438356164384,臺北市,大同區
臺北市中山區,121.5381597,25.06969917,16.315039448341995,True,True,15.974678984461589,True,13.94374248152603,11,3.0136986301369864,臺北市,中山區
臺北市松山區,121.5575876,25.05999101,15.945125987718216,True,True,15.496736934563021,True,12.814450864982529,13,3.5616438356164384,臺北市,松山區
臺北市大安區,121.5434446,25.02677012,15.125021786829414,True,True,15.342612721417076,True,12.366427661028322,11,3.0136986301369864,臺北市,大安區
臺北市萬華區,121.4979858,25.0285899,15.125021786829414,True,True,15.342612721417076,True,12.366427661028322,11,3.0136986301369864,臺北市,萬華區
臺北市信義區,121.5716697,25.03062083,14.287420353213403,True,True,13.01862758014932,True,12.755278118073694,6,1.643835616438356,臺北市,信義區
臺北市士林區,121.5508473,25.12546704,9.310261862209137,True,True,6.136619559989126,True,8.69615132032429,0,0.0,臺北市,士林區
臺北市北投區,121.5177992,25.1480682,15.248124455771976,True,True,13.026897560996245,True,13.857989273643808,20,5.47945205479452,臺北市,北投區
臺北市內湖區,121.5923828,25.08370623,14.181068079804797,True,True,16.017701288244766,True,7.3830751990605465,8,2.191780821917808,臺北市,內湖區
臺北市南港區,121.6097573,25.03600934,14.181068079804797,True,True,16.017701288244766,True,7.3830751990605465,8,2.191780821917808,臺北市,南港區
臺北市文山區,121.5736082,24.98857934,14.287420353213403,True,True,13.01862758014932,True,12.755278118073694,6,1.643835616438356,臺北市,文山區
基隆市仁愛區,121.7434205,25.11945421,14.95929000757268,True,True,14.887784365393061,True,12.749607864498271,4,1.095890410958904,基隆市,仁愛區
基隆市信義區,121.772646,25.12576579,14.95929000757268,True,True,14.887784365393061,True,12.749607864498271,4,1.095890410958904,基隆市,信義區
基隆市中正區,121.7783549,25.14365754,14.95929000757268,True,True,14.887784365393061,True,12.749607864498271,4,1.095890410958904,基隆市,中正區
基隆市中山區,121.7308913,25.14986365,14.95929000757268,True,True,14.887784365393061,True,12.749607864498271,4,1.095890410958904,基隆市,中山區
基隆市安樂區,121.7078325,25.14139521,13.114519482238366,True,True,13.482876121463075,True,10.619562660087235,5,1.36986301369863,基隆市,安樂區
基隆市暖暖區,121.7447344,25.08097003,14.181068079804797,True,True,16.017701288244766,True,7.3830751990605465,8,2.191780821917808,基隆市,暖暖區
基隆市七堵區,121.683628,25.10962028,14.95929000757268,True,True,14.887784365393061,True,12.749607864498271,4,1.095890410958904,基隆市,七堵區
新北市萬里區,121.6439307,25.17572457,9.310261862209137,True,True,6.136619559989126,True,8.69615132032429,0,0.0,新北市,萬里區
新北市金山區,121.6052639,25.21714594,14.95929000757268,True,True,14.887784365393061,True,12.749607864498271,4,1.095890410958904,新北市,金山區
連江縣南竿鄉,119.931128,26.154321,21.972803137260854,True,True,23.7158912748235,True,17.239428957410997,53,14.520547945205479,連江縣,南竿鄉
連江縣北竿鄉,119.994251,26.225637,21.972803137260854,True,True,23.7158912748235,True,17.239428957410997,53,14.520547945205479,連江縣,北竿鄉
連江縣莒光鄉,119.938877,25.97298,21.972803137260854,True,True,23.7158912748235,True,17.239428957410997,53,14.520547945205479,連江縣,莒光鄉
連江縣東引鄉,120.4903,26.366101,21.972803137260854,True,True,23.7158912748235,True,17.239428957410997,53,14.520547945205479,連江縣,東引鄉
新北市板橋區,121.4579675,25.01186453,17.130964573706198,True,True,17.0295692431562,True,12.728246804392837,18,4.931506849315069,新北市,板橋區
新北市汐止區,121.6546992,25.07331322,14.843711384606818,True,True,13.843152116126946,True,12.835744803773485,7,1.9178082191780823,新北市,汐止區
新北市深坑區,121.6200624,24.99767506,14.181068079804797,True,True,16.017701288244766,True,7.3830751990605465,8,2.191780821917808,新北市,深坑區
新北市石碇區,121.6472277,24.94714107,14.181068079804797,True,True,16.017701288244766,True,7.3830751990605465,8,2.191780821917808,新北市,石碇區
新北市瑞芳區,121.8232018,25.0981293,14.95929000757268,True,True,14.887784365393061,True,12.749607864498271,4,1.095890410958904,新北市,瑞芳區
新北市平溪區,121.7578817,25.02607068,14.181068079804797,True,True,16.017701288244766,True,7.3830751990605465,8,2.191780821917808,新北市,平溪區
新北市雙溪區,121.8329822,24.99698394,14.181068079804797,True,True,16.017701288244766,True,7.3830751990605465,8,2.191780821917808,新北市,雙溪區
新北市貢寮區,121.9182466,25.02485641,14.181068079804797,True,True,16.017701288244766,True,7.3830751990605465,8,2.191780821917808,新北市,貢寮區
新北市新店區,121.5316565,24.93039008,15.125021786829414,True,True,15.342612721417076,True,12.366427661028322,11,3.0136986301369864,新北市,新店區
新北市坪林區,121.724223,24.91097073,14.181068079804797,True,True,16.017701288244766,True,7.3830751990605465,8,2.191780821917808,新北市,坪林區
新北市烏來區,121.5414806,24.78824295,11.332783219961762,True,True,11.769461697722566,True,8.750728575929424,5,1.36986301369863,新北市,烏來區
新北市永和區,121.516745,25.00810199,14.287420353213403,True,True,13.01862758014932,True,12.755278118073694,6,1.643835616438356,新北市,永和區
新北市中和區,121.4936744,24.99088039,17.00633738852986,True,True,18.471186395067466,True,11.120825456836801,19,5.205479452054795,新北市,中和區
新北市土城區,121.445737,24.96425102,17.00633738852986,True,True,18.471186395067466,True,11.120825456836801,19,5.205479452054795,新北市,土城區
新北市三峽區,121.4163094,24.88209766,17.00633738852986,True,True,18.471186395067466,True,11.120825456836801,19,5.205479452054795,新北市,三峽區
新北市樹林區,121.401034,24.97970609,17.00633738852986,True,True,18.471186395067466,True,11.120825456836801,19,5.205479452054795,新北市,樹林區
新北市鶯歌區,121.3466269,24.9566258,17.130964573706198,True,True,17.0295692431562,True,12.728246804392837,18,4.931506849315069,新北市,鶯歌區
新北市三重區,121.4870977,25.06281651,14.32742123867795,True,True,13.663624861450945,True,11.91687252964427,10,2.73972602739726,新北市,三重區
新北市新莊區,121.4367535,25.0358303,17.00633738852986,True,True,18.471186395067466,True,11.120825456836801,19,5.205479452054795,新北市,新莊區
新北市泰山區,121.4162785,25.05549774,14.31905789944037,True,True,13.290550762061061,True,9.853889666321919,12,3.287671232876712,新北市,泰山區
新北市林口區,121.3527235,25.1000868,14.810114516833966,True,True,13.671213452797168,True,12.641869797366766,11,3.0136986301369864,新北市,林口區
新北市蘆洲區,121.4712461,25.08927173,14.32742123867795,True,True,13.663624861450945,True,11.91687252964427,10,2.73972602739726,新北市,蘆洲區
新北市五股區,121.4332139,25.09614746,14.31905789944037,True,True,13.290550762061061,True,9.853889666321919,12,3.287671232876712,新北市,五股區
新北市八里區,121.4138359,25.13812763,14.31905789944037,True,True,13.290550762061061,True,9.853889666321919,12,3.287671232876712,新北市,八里區
新北市淡水區,121.463904,25.18907636,9.310261862209137,True,True,6.136619559989126,True,8.69615132032429,0,0.0,新北市,淡水區
新北市三芝區,121.515558,25.23159891,18.806548084842017,True,True,18.561184306836484,True,18.729142679154496,29,7.9452054794520555,新北市,三芝區
新北市石門區,121.5692761,25.26518079,9.310261862209137,True,True,6.136619559989126,True,8.69615132032429,0,0.0,新北市,石門區
宜蘭縣宜蘭市,121.7569358,24.75021184,11.477984453923133,True,True,8.678752808129238,True,12.631816084828845,3,0.821917808219178,宜蘭縣,宜蘭市
宜蘭縣頭城鎮,121.845797,24.90075882,13.114519482238366,True,True,13.482876121463075,True,10.619562660087235,5,1.36986301369863,宜蘭縣,頭城鎮
宜蘭縣礁溪鄉,121.7346606,24.81144192,11.477984453923133,True,True,8.678752808129238,True,12.631816084828845,3,0.821917808219178,宜蘭縣,礁溪鄉
宜蘭縣壯圍鄉,121.8017622,24.75183042,11.477984453923133,True,True,8.678752808129238,True,12.631816084828845,3,0.821917808219178,宜蘭縣,壯圍鄉
宜蘭縣員山鄉,121.6612282,24.74199237,11.477984453923133,True,True,8.678752808129238,True,12.631816084828845,3,0.821917808219178,宜蘭縣,員山鄉
宜蘭縣羅東鎮,121.7701782,24.67884824,11.332783219961762,True,True,11.769461697722566,True,8.750728575929424,5,1.36986301369863,宜蘭縣,羅東鎮
宜蘭縣三星鄉,121.6642714,24.66771972,11.477984453923133,True,True,8.678752808129238,True,12.631816084828845,3,0.821917808219178,宜蘭縣,三星鄉
宜蘭縣大同鄉,121.5040369,24.55152082,11.332783219961762,True,True,11.769461697722566,True,8.750728575929424,5,1.36986301369863,宜蘭縣,大同鄉
宜蘭縣五結鄉,121.8058342,24.68887343,11.332783219961762,True,True,11.769461697722566,True,8.750728575929424,5,1.36986301369863,宜蘭縣,五結鄉
宜蘭縣冬山鄉,121.760255,24.64214986,11.332783219961762,True,True,11.769461697722566,True,8.750728575929424,5,1.36986301369863,宜蘭縣,冬山鄉
宜蘭縣蘇澳鎮,121.8346892,24.55467058,11.332783219961762,True,True,11.769461697722566,True,8.750728575929424,5,1.36986301369863,宜蘭縣,蘇澳鎮
宜蘭縣南澳鄉,121.6560593,24.44864058,11.332783219961762,True,True,11.769461697722566,True,8.750728575929424,5,1.36986301369863,宜蘭縣,南澳鄉
宜蘭縣釣魚臺列嶼,123.475482,25.746396,14.95929000757268,True,True,14.887784365393061,True,12.749607864498271,4,1.095890410958904,宜蘭縣,釣魚臺列嶼
新竹市北區,120.9491233,24.82269542,19.044440512501854,True,True,17.72801069703244,True,16.547153362547977,27,7.397260273972603,新竹市,北區
新竹市東區,120.9927505,24.79028174,16.974180731583953,True,True,17.59027594788465,True,11.960780307436744,17,4.657534246575342,新竹市,東區
新竹市香山區,120.9236727,24.77104342,17.06812598459711,True,True,18.76022361294101,True,10.482704901431271,25,6.8493150684931505,新竹市,香山區
新竹縣竹北市,120.9948704,24.83816209,19.044440512501854,True,True,17.72801069703244,True,16.547153362547977,27,7.397260273972603,新竹縣,竹北市
新竹縣湖口鄉,121.0517242,24.88566341,19.68074676538003,True,True,20.583686502708243,True,14.41371080675783,33,9.04109589041096,新竹縣,湖口鄉
新竹縣新豐鄉,120.9956033,24.90731298,19.68074676538003,True,True,20.583686502708243,True,14.41371080675783,33,9.04109589041096,新竹縣,新豐鄉
新竹縣新埔鎮,121.0939886,24.84133959,16.967658992453515,True,True,17.59027594788465,True,11.93490601632143,17,4.657534246575342,新竹縣,新埔鎮
新竹縣關西鎮,121.1866221,24.78514681,16.974165841768585,True,True,17.59027594788465,True,11.960721233712732,17,4.657534246575342,新竹縣,關西鎮
新竹縣芎林鄉,121.1046394,24.7657116,19.68074676538003,True,True,20.583686502708243,True,14.41371080675783,33,9.04109589041096,新竹縣,芎林鄉
新竹縣寶山鄉,120.9991605,24.73697351,16.948118591421153,True,True,17.59027594788465,True,11.857381599182176,17,4.657534246575342,新竹縣,寶山鄉
新竹縣竹東鎮,121.0753632,24.73075802,19.68074676538003,True,True,20.583686502708243,True,14.41371080675783,33,9.04109589041096,新竹縣,竹東鎮
新竹縣五峰鄉,121.1389495,24.578054,17.06812598459711,True,True,18.76022361294101,True,10.482704901431271,25,6.8493150684931505,新竹縣,五峰鄉
新竹縣橫山鄉,121.1469732,24.7078092,18.334286207063784,True,True,16.93447126544953,True,14.694603730390588,45,12.32876712328767,新竹縣,橫山鄉
新竹縣尖石鄉,121.2819341,24.59493235,18.334286207063784,True,True,16.93447126544953,True,14.694603730390588,45,12.32876712328767,新竹縣,尖石鄉
新竹縣北埔鄉,121.0642745,24.67207405,17.06812598459711,True,True,18.76022361294101,True,10.482704901431271,25,6.8493150684931505,新竹縣,北埔鄉
新竹縣峨眉鄉,121.0110809,24.67811197,17.06812598459711,True,True,18.76022361294101,True,10.482704901431271,25,6.8493150684931505,新竹縣,峨眉鄉
桃園市中壢區,121.2147243,24.97993803,17.500398344119546,True,True,18.17729175816133,True,13.547687607595206,35,9.58904109589041,桃園市,中壢區
桃園市平鎮區,121.2140051,24.92117923,17.500398344119546,True,True,18.17729175816133,True,13.547687607595206,35,9.58904109589041,桃園市,平鎮區
桃園市龍潭區,121.2117877,24.85064954,17.500398344119546,True,True,18.17729175816133,True,13.547687607595206,35,9.58904109589041,桃園市,龍潭區
桃園市楊梅區,121.1291697,24.91820989,19.044440512501854,True,True,17.72801069703244,True,16.547153362547977,27,7.397260273972603,桃園市,楊梅區
桃園市新屋區,121.067758,24.97280352,19.044440512501854,True,True,17.72801069703244,True,16.547153362547977,27,7.397260273972603,桃園市,新屋區
桃園市觀音區,121.1155021,25.02671611,17.221892536181254,True,True,16.880558708602187,True,14.156671801733241,27,7.397260273972603,桃園市,觀音區
桃園市桃園區,121.2996612,25.00040024,17.88978006771576,True,True,18.27430974504773,True,11.4843088936898,30,8.21917808219178,桃園市,桃園區
桃園市龜山區,121.3569265,25.02417472,18.660546729218257,True,True,16.45603239268571,True,18.80119825039485,29,7.9452054794520555,桃園市,龜山區
桃園市八德區,121.2913102,24.94968903,17.88978006771576,True,True,18.27430974504773,True,11.4843088936898,30,8.21917808219178,桃園市,八德區
桃園市大溪區,121.296342,24.86797026,17.88978006771576,True,True,18.27430974504773,True,11.4843088936898,30,8.21917808219178,桃園市,大溪區
桃園市復興區,121.3754588,24.72949884,16.986137253323083,True,True,17.59027594788465,True,12.008216507814812,17,4.657534246575342,桃園市,復興區
桃園市大園區,121.21177,25.06384709,17.88978006771576,True,True,18.27430974504773,True,11.4843088936898,30,8.21917808219178,桃園市,大園區
桃園市蘆竹區,121.2831266,25.06073337,18.709176866204558,True,True,16.45603239268571,True,18.80119825039485,30,8.21917808219178,桃園市,蘆竹區
苗栗縣竹南鎮,120.8777316,24.69862459,19.68074676538003,True,True,20.583686502708243,True,14.41371080675783,33,9.04109589041096,苗栗縣,竹南鎮
苗栗縣頭份市,120.9189437,24.67628243,19.68074676538003,True,True,20.583686502708243,True,14.41371080675783,33,9.04109589041096,苗栗縣,頭份市
苗栗縣三灣鄉,120.9525745,24.63599405,22.30980257780735,True,True,21.47411145617668,True,18.633885813304538,35,9.58904109589041,苗栗縣,三灣鄉
苗栗縣南庄鄉,121.017471,24.56608432,22.30980257780735,True,True,21.47411145617668,True,18.633885813304538,35,9.58904109589041,苗栗縣,南庄鄉
苗栗縣獅潭鄉,120.9206688,24.51978614,17.06812598459711,True,True,18.76022361294101,True,10.482704901431271,25,6.8493150684931505,苗栗縣,獅潭鄉
苗栗縣後龍鎮,120.781205,24.6156265,17.06812598459711,True,True,18.76022361294101,True,10.482704901431271,25,6.8493150684931505,苗栗縣,後龍鎮
苗栗縣通霄鎮,120.7146378,24.4850464,22.30980257780735,True,True,21.47411145617668,True,18.633885813304538,35,9.58904109589041,苗栗縣,通霄鎮
苗栗縣苑裡鎮,120.6882195,24.4110232,18.032056302839514,True,True,16.53114112135851,True,15.084317895400122,30,8.21917808219178,苗栗縣,苑裡鎮
苗栗縣苗栗市,120.8112299,24.56382141,17.06812598459711,True,True,18.76022361294101,True,10.482704901431271,25,6.8493150684931505,苗栗縣,苗栗市
苗栗縣造橋鄉,120.8695663,24.62481314,17.06812598459711,True,True,18.76022361294101,True,10.482704901431271,25,6.8493150684931505,苗栗縣,造橋鄉
苗栗縣頭屋鄉,120.8826631,24.57345497,17.06812598459711,True,True,18.76022361294101,True,10.482704901431271,25,6.8493150684931505,苗栗縣,頭屋鄉
苗栗縣公館鄉,120.8505904,24.50249686,19.272259508090254,True,True,18.634936143485245,True,14.250019691241334,43,11.78082191780822,苗栗縣,公館鄉
苗栗縣大湖鄉,120.8631192,24.39359641,22.30980257780735,True,True,21.47411145617668,True,18.633885813304538,35,9.58904109589041,苗栗縣,大湖鄉
苗栗縣泰安鄉,121.0681571,24.41925819,19.272259508090254,True,True,18.634936143485245,True,14.250019691241334,43,11.78082191780822,苗栗縣,泰安鄉
苗栗縣銅鑼鄉,120.7992043,24.45591832,22.30980257780735,True,True,21.47411145617668,True,18.633885813304538,35,9.58904109589041,苗栗縣,銅鑼鄉
苗栗縣三義鄉,120.7701929,24.38081659,18.032056302839514,True,True,16.53114112135851,True,15.084317895400122,30,8.21917808219178,苗栗縣,三義鄉
苗栗縣西湖鄉,120.7614144,24.54153218,19.272259508090254,True,True,18.634936143485245,True,14.250019691241334,43,11.78082191780822,苗栗縣,西湖鄉
苗栗縣卓蘭鎮,120.8561966,24.32510167,18.032056302839514,True,True,16.53114112135851,True,15.084317895400122,30,8.21917808219178,苗栗縣,卓蘭鎮
臺中市中區,120.680598,24.14168566,15.867680513118158,True,True,16.146765376330595,True,12.03482725808813,26,7.123287671232877,臺中市,中區
臺中市東區,120.6970865,24.13733209,20.266649134070214,True,True,21.1142530376226,True,14.01096981153692,48,13.150684931506849,臺中市,東區
臺中市南區,120.6646178,24.12114107,20.266649134070214,True,True,21.1142530376226,True,14.01096981153692,48,13.150684931506849,臺中市,南區
臺中市西區,120.6647579,24.14391082,15.867680513118158,True,True,16.146765376330595,True,12.03482725808813,26,7.123287671232877,臺中市,西區
臺中市北區,120.6809521,24.15863985,20.72684241160865,True,True,21.109952788757138,True,15.389137186065348,43,11.78082191780822,臺中市,北區
臺中市北屯區,120.7362319,24.18400298,20.266649134070214,True,True,21.1142530376226,True,14.01096981153692,48,13.150684931506849,臺中市,北屯區
臺中市西屯區,120.6270131,24.18308895,20.266649134070214,True,True,21.1142530376226,True,14.01096981153692,48,13.150684931506849,臺中市,西屯區
臺中市南屯區,120.6177379,24.14165524,20.266649134070214,True,True,21.1142530376226,True,14.01096981153692,48,13.150684931506849,臺中市,南屯區
臺中市太平區,120.7734217,24.11477375,20.266649134070214,True,True,21.1142530376226,True,14.01096981153692,48,13.150684931506849,臺中市,太平區
臺中市大里區,120.6926261,24.09575742,20.266649134070214,True,True,21.1142530376226,True,14.01096981153692,48,13.150684931506849,臺中市,大里區
臺中市霧峰區,120.7201989,24.04332785,20.266649134070214,True,True,21.1142530376226,True,14.01096981153692,48,13.150684931506849,臺中市,霧峰區
臺中市烏日區,120.6293305,24.0839271,20.266649134070214,True,True,21.1142530376226,True,14.01096981153692,48,13.150684931506849,臺中市,烏日區
臺中市豐原區,120.7375715,24.24990298,20.266649134070214,True,True,21.1142530376226,True,14.01096981153692,48,13.150684931506849,臺中市,豐原區
臺中市后里區,120.7146127,24.30962483,19.272259508090254,True,True,18.634936143485245,True,14.250019691241334,43,11.78082191780822,臺中市,后里區
臺中市石岡區,120.7903822,24.26493299,19.272259508090254,True,True,18.634936143485245,True,14.250019691241334,43,11.78082191780822,臺中市,石岡區
臺中市東勢區,120.8401401,24.24952637,19.272259508090254,True,True,18.634936143485245,True,14.250019691241334,43,11.78082191780822,臺中市,東勢區
臺中市和平區,121.140185,24.27620277,19.272259508090254,True,True,18.634936143485245,True,14.250019691241334,43,11.78082191780822,臺中市,和平區
臺中市新社區,120.8313228,24.17769289,15.867680513118158,True,True,16.146765376330595,True,12.03482725808813,26,7.123287671232877,臺中市,新社區
臺中市潭子區,120.710997,24.21171121,20.266649134070214,True,True,21.1142530376226,True,14.01096981153692,48,13.150684931506849,臺中市,潭子區
臺中市大雅區,120.6411818,24.22704181,20.72684241160865,True,True,21.109952788757138,True,15.389137186065348,43,11.78082191780822,臺中市,大雅區
臺中市神岡區,120.6733321,24.26568008,19.08499566505091,True,True,20.489629673844753,True,13.930742627864003,43,11.78082191780822,臺中市,神岡區
臺中市大肚區,120.5543243,24.14467504,20.347533680335935,True,True,24.245265543635107,True,11.394155997594089,48,13.150684931506849,臺中市,大肚區
臺中市沙鹿區,120.5838628,24.23425212,20.72684241160865,True,True,21.109952788757138,True,15.389137186065348,43,11.78082191780822,臺中市,沙鹿區
臺中市龍井區,120.5283728,24.20062892,20.33977112325831,True,True,24.245265543635107,True,11.394155997594089,48,13.150684931506849,臺中市,龍井區
臺中市梧棲區,120.5301259,24.24552431,20.72684241160865,True,True,21.109952788757138,True,15.389137186065348,43,11.78082191780822,臺中市,梧棲區
臺中市清水區,120.5809094,24.29205743,20.72684241160865,True,True,21.109952788757138,True,15.389137186065348,43,11.78082191780822,臺中市,清水區
臺中市大甲區,120.6357901,24.37827161,18.032056302839514,True,True,16.53114112135851,True,15.084317895400122,30,8.21917808219178,臺中市,大甲區
臺中市外埔區,120.6650639,24.33551071,18.032056302839514,True,True,16.53114112135851,True,15.084317895400122,30,8.21917808219178,臺中市,外埔區
臺中市大安區,120.5914407,24.36509555,19.272259508090254,True,True,18.634936143485245,True,14.250019691241334,43,11.78082191780822,臺中市,大安區
彰化縣彰化市,120.5694208,24.07532909,20.72684241160865,True,True,21.109952788757138,True,15.389137186065348,43,11.78082191780822,彰化縣,彰化市
彰化縣芬園鄉,120.6294414,24.00628794,15.867680513118158,True,True,16.146765376330595,True,12.03482725808813,26,7.123287671232877,彰化縣,芬園鄉
彰化縣花壇鄉,120.5597655,24.03006875,15.867680513118158,True,True,16.146765376330595,True,12.03482725808813,26,7.123287671232877,彰化縣,花壇鄉
彰化縣秀水鄉,120.5041184,24.03249405,20.348675232847352,True,True,24.245265543635107,True,11.394155997594089,48,13.150684931506849,彰化縣,秀水鄉
彰化縣鹿港鎮,120.4385491,24.08286685,21.5459336532806,True,True,22.907665683752644,True,14.976668692051483,67,18.356164383561644,彰化縣,鹿港鎮
彰化縣福興鄉,120.4310511,24.03021674,20.347533680335935,True,True,24.245265543635107,True,11.394155997594089,48,13.150684931506849,彰化縣,福興鄉
彰化縣線西鄉,120.452157,24.13158127,21.514655114467814,True,True,22.907665683752644,True,14.89333535871815,67,18.356164383561644,彰化縣,線西鄉
彰化縣和美鎮,120.5112045,24.11379535,21.57686972633996,True,True,22.907665683752644,True,14.968969416689164,67,18.356164383561644,彰化縣,和美鎮
彰化縣伸港鄉,120.486449,24.16367107,19.08499566505091,True,True,20.489629673844753,True,13.930742627864003,43,11.78082191780822,彰化縣,伸港鄉
彰化縣員林市,120.593073,23.95650448,21.543999405075326,True,True,22.907665683752644,True,14.802419630059376,67,18.356164383561644,彰化縣,員林市
彰化縣社頭鄉,120.6021661,23.90536413,26.283714157494234,True,True,33.84797308837163,True,12.973155587061544,91,24.93150684931507,彰化縣,社頭鄉
彰化縣永靖鄉,120.5416032,23.92139507,21.77401416581216,True,True,25.01875342656459,True,13.488767297604726,35,9.58904109589041,彰化縣,永靖鄉
彰化縣埔心鄉,120.5342802,23.95277521,23.524368365822205,True,True,25.13925598471364,True,18.11259594466489,62,16.986301369863014,彰化縣,埔心鄉
彰化縣溪湖鎮,120.4831739,23.95171456,21.495777987029044,True,True,22.907665683752644,True,14.889547479930272,67,18.356164383561644,彰化縣,溪湖鎮
彰化縣大村鄉,120.5586866,23.99209206,21.77401416581216,True,True,25.01875342656459,True,13.488767297604726,35,9.58904109589041,彰化縣,大村鄉
彰化縣埔鹽鄉,120.4594626,23.99204417,21.495777987029044,True,True,22.907665683752644,True,14.889547479930272,67,18.356164383561644,彰化縣,埔鹽鄉
彰化縣田中鎮,120.5903471,23.85723872,26.283714157494234,True,True,33.84797308837163,True,12.973155587061544,91,24.93150684931507,彰化縣,田中鎮
彰化縣北斗鎮,120.5331566,23.867574,21.77401416581216,True,True,25.01875342656459,True,13.488767297604726,35,9.58904109589041,彰化縣,北斗鎮
彰化縣田尾鄉,120.5223244,23.90056065,21.77401416581216,True,True,25.01875342656459,True,13.488767297604726,35,9.58904109589041,彰化縣,田尾鄉
彰化縣埤頭鄉,120.4675642,23.88234118,25.444704391543386,True,True,28.817067788231466,True,17.62270888933932,88,24.10958904109589,彰化縣,埤頭鄉
彰化縣溪州鄉,120.5224904,23.82725185,23.524368365822205,True,True,25.13925598471364,True,18.11259594466489,62,16.986301369863014,彰化縣,溪州鄉
彰化縣竹塘鄉,120.4136645,23.8505872,25.444704391543386,True,True,28.817067788231466,True,17.62270888933932,88,24.10958904109589,彰化縣,竹塘鄉
彰化縣二林鎮,120.404225,23.91621405,25.444704391543386,True,True,28.817067788231466,True,17.62270888933932,88,24.10958904109589,彰化縣,二林鎮
彰化縣大城鄉,120.3113284,23.85069276,25.330688342068182,True,True,28.817067788231466,True,17.340405986578006,88,24.10958904109589,彰化縣,大城鄉
彰化縣芳苑鄉,120.3539226,23.9537906,25.444704391543386,True,True,28.817067788231466,True,17.62270888933932,88,24.10958904109589,彰化縣,芳苑鄉
彰化縣二水鄉,120.628589,23.8092402,21.77401416581216,True,True,25.01875342656459,True,13.488767297604726,35,9.58904109589041,彰化縣,二水鄉
南投縣南投市,120.6787658,23.92173537,26.283714157494234,True,True,33.84797308837163,True,12.973155587061544,91,24.93150684931507,南投縣,南投市
南投縣中寮鄉,120.7859159,23.90589214,21.310868109821897,True,True,21.652832413158496,True,16.780981994533498,8,2.191780821917808,南投縣,中寮鄉
南投縣草屯鎮,120.7326182,23.98321081,15.867680513118158,True,True,16.146765376330595,True,12.03482725808813,26,7.123287671232877,南投縣,草屯鎮
南投縣國姓鄉,120.8676052,24.03135413,15.867680513118158,True,True,16.146765376330595,True,12.03482725808813,26,7.123287671232877,南投縣,國姓鄉
南投縣埔里鎮,120.9625259,23.97892591,21.77401416581216,True,True,25.01875342656459,True,13.488767297604726,35,9.58904109589041,南投縣,埔里鎮
南投縣仁愛鄉,121.1443879,24.02886513,6.767273184925058,True,True,7.5300557333166,True,4.493466088102193,2,0.547945205479452,南投縣,仁愛鄉
南投縣名間鄉,120.6774402,23.8510771,26.283714157494234,True,True,33.84797308837163,True,12.973155587061544,91,24.93150684931507,南投縣,名間鄉
南投縣集集鎮,120.7854192,23.83701687,26.283714157494234,True,True,33.84797308837163,True,12.973155587061544,91,24.93150684931507,南投縣,集集鎮
南投縣水里鄉,120.8622721,23.79612907,21.310868109821897,True,True,21.652832413158496,True,16.780981994533498,8,2.191780821917808,南投縣,水里鄉
南投縣魚池鄉,120.9256736,23.87601213,21.77401416581216,True,True,25.01875342656459,True,13.488767297604726,35,9.58904109589041,南投縣,魚池鄉
南投縣信義鄉,121.0212867,23.6554647,26.283714157494234,True,True,33.84797308837163,True,12.973155587061544,91,24.93150684931507,南投縣,信義鄉
南投縣竹山鎮,120.7100797,23.69805518,24.490405284279614,True,True,28.871764801221328,True,13.87479234690955,82,22.465753424657535,南投縣,竹山鎮
南投縣鹿谷鄉,120.7815065,23.73776029,21.77401416581216,True,True,25.01875342656459,True,13.488767297604726,35,9.58904109589041,南投縣,鹿谷鄉
嘉義市西區,120.4248724,23.47915529,24.902856302866656,True,True,28.350687307861214,True,15.81245447998756,72,19.726027397260275,嘉義市,西區
嘉義市東區,120.4706244,23.48170334,24.902856302866656,True,True,28.350687307861214,True,15.81245447998756,72,19.726027397260275,嘉義市,東區
嘉義縣番路鄉,120.6075335,23.42765669,24.902856302866656,True,True,28.350687307861214,True,15.81245447998756,72,19.726027397260275,嘉義縣,番路鄉
嘉義縣梅山鄉,120.6387459,23.55535465,26.283714157494234,True,True,33.84797308837163,True,12.973155587061544,91,24.93150684931507,嘉義縣,梅山鄉
嘉義縣竹崎鄉,120.5965771,23.50376527,24.490405284279614,True,True,28.871764801221328,True,13.87479234690955,82,22.465753424657535,嘉義縣,竹崎鄉
嘉義縣阿里山鄉,120.7596173,23.44077619,26.283714157494234,True,True,33.84797308837163,True,12.973155587061544,91,24.93150684931507,嘉義縣,阿里山鄉
嘉義縣中埔鄉,120.5365312,23.40408998,26.899800476266595,True,True,31.790667545015353,True,17.489701572305915,94,25.753424657534246,嘉義縣,中埔鄉
嘉義縣大埔鄉,120.5896466,23.28848426,26.899800476266595,True,True,31.790667545015353,True,17.489701572305915,94,25.753424657534246,嘉義縣,大埔鄉
嘉義縣水上鄉,120.4147357,23.42911287,24.902856302866656,True,True,28.350687307861214,True,15.81245447998756,72,19.726027397260275,嘉義縣,水上鄉
嘉義縣鹿草鄉,120.3045468,23.40811736,26.899800476266595,True,True,31.790667545015353,True,17.489701572305915,94,25.753424657534246,嘉義縣,鹿草鄉
嘉義縣太保市,120.3440009,23.4729191,22.174441928204732,True,True,25.96270406518784,True,12.8972998126223,77,21.095890410958905,嘉義縣,太保市
嘉義縣朴子市,120.2538977,23.44610605,24.902856302866656,True,True,28.350687307861214,True,15.81245447998756,72,19.726027397260275,嘉義縣,朴子市
嘉義縣東石鄉,120.1738682,23.46866059,24.902856302866656,True,True,28.350687307861214,True,15.81245447998756,72,19.726027397260275,嘉義縣,東石鄉
嘉義縣六腳鄉,120.2714728,23.51020984,24.902856302866656,True,True,28.350687307861214,True,15.81245447998756,72,19.726027397260275,嘉義縣,六腳鄉
嘉義縣新港鄉,120.3482873,23.54581295,24.063123981647237,True,True,31.55760648051838,True,12.592537326410202,78,21.36986301369863,嘉義縣,新港鄉
嘉義縣民雄鄉,120.4442798,23.54255347,24.902856302866656,True,True,28.350687307861214,True,15.81245447998756,72,19.726027397260275,嘉義縣,民雄鄉
嘉義縣大林鎮,120.4807865,23.59890827,24.902856302866656,True,True,28.350687307861214,True,15.81245447998756,72,19.726027397260275,嘉義縣,大林鎮
嘉義縣溪口鄉,120.4010282,23.59353089,24.063123981647237,True,True,31.55760648051838,True,12.592537326410202,78,21.36986301369863,嘉義縣,溪口鄉
嘉義縣義竹鄉,120.2239433,23.34575872,22.174441928204732,True,True,25.96270406518784,True,12.8972998126223,77,21.095890410958905,嘉義縣,義竹鄉
嘉義縣布袋鎮,120.1777498,23.37494276,26.899800476266595,True,True,31.790667545015353,True,17.489701572305915,94,25.753424657534246,嘉義縣,布袋鎮
雲林縣斗南鎮,120.4826356,23.67066393,25.339071308119408,True,True,28.817067788231466,True,17.373664493194266,88,24.10958904109589,雲林縣,斗南鎮
雲林縣大埤鄉,120.4255592,23.6455971,24.490405284279614,True,True,28.871764801221328,True,13.87479234690955,82,22.465753424657535,雲林縣,大埤鄉
雲林縣虎尾鎮,120.4293061,23.71661545,24.490405284279614,True,True,28.871764801221328,True,13.87479234690955,82,22.465753424657535,雲林縣,虎尾鎮
雲林縣土庫鎮,120.3647252,23.69110665,24.180753184014044,True,True,24.76150819792125,True,16.870612433407803,76,20.82191780821918,雲林縣,土庫鎮
雲林縣褒忠鄉,120.3116122,23.71613204,24.180753184014044,True,True,24.76150819792125,True,16.870612433407803,76,20.82191780821918,雲林縣,褒忠鄉
雲林縣東勢鄉,120.2564173,23.69612324,24.180753184014044,True,True,24.76150819792125,True,16.870612433407803,76,20.82191780821918,雲林縣,東勢鄉
雲林縣臺西鄉,120.2054952,23.71600815,24.180753184014044,True,True,24.76150819792125,True,16.870612433407803,76,20.82191780821918,雲林縣,臺西鄉
雲林縣崙背鄉,120.3339769,23.77849791,24.180753184014044,True,True,24.76150819792125,True,16.870612433407803,76,20.82191780821918,雲林縣,崙背鄉
雲林縣麥寮鄉,120.243533,23.78817056,22.542549647557404,True,True,23.795558535667233,True,17.784814047236402,80,21.91780821917808,雲林縣,麥寮鄉
雲林縣斗六市,120.5600044,23.70651883,26.283714157494234,True,True,33.84797308837163,True,12.973155587061544,91,24.93150684931507,雲林縣,斗六市
雲林縣林內鄉,120.6155018,23.7557209,24.490405284279614,True,True,28.871764801221328,True,13.87479234690955,82,22.465753424657535,雲林縣,林內鄉
雲林縣古坑鄉,120.6117351,23.62545469,26.283714157494234,True,True,33.84797308837163,True,12.973155587061544,91,24.93150684931507,雲林縣,古坑鄉
雲林縣莿桐鄉,120.5290419,23.76973894,26.283714157494234,True,True,33.84797308837163,True,12.973155587061544,91,24.93150684931507,雲林縣,莿桐鄉
雲林縣西螺鎮,120.4580795,23.77942109,24.490405284279614,True,True,28.871764801221328,True,13.87479234690955,82,22.465753424657535,雲林縣,西螺鎮
雲林縣二崙鄉,120.3964598,23.7925521,23.524368365822205,True,True,25.13925598471364,True,18.11259594466489,62,16.986301369863014,雲林縣,二崙鄉
雲林縣北港鎮,120.2940164,23.59219528,22.174441928204732,True,True,25.96270406518784,True,12.8972998126223,77,21.095890410958905,雲林縣,北港鎮
雲林縣水林鄉,120.2352734,23.56162849,24.902856302866656,True,True,28.350687307861214,True,15.81245447998756,72,19.726027397260275,雲林縣,水林鄉
雲林縣口湖鄉,120.1413711,23.55365395,22.542549647557404,True,True,23.795558535667233,True,17.784814047236402,80,21.91780821917808,雲林縣,口湖鄉
雲林縣四湖鄉,120.2064699,23.64206875,24.180753184014044,True,True,24.76150819792125,True,16.870612433407803,76,20.82191780821918,雲林縣,四湖鄉
雲林縣元長鄉,120.3279617,23.64243095,25.330688342068182,True,True,28.817067788231466,True,17.340405986578006,88,24.10958904109589,雲林縣,元長鄉
臺南市中西區,120.192874,22.99594458,23.28544267449345,True,True,29.955620985558895,True,11.976114524259609,77,21.095890410958905,臺南市,中西區
臺南市東區,120.2281858,22.98178202,23.28544267449345,True,True,29.955620985558895,True,11.976114524259609,77,21.095890410958905,臺南市,東區
臺南市南區,120.1903743,22.95561863,23.28544267449345,True,True,29.955620985558895,True,11.976114524259609,77,21.095890410958905,臺南市,南區
臺南市北區,120.2068735,23.01012179,23.28544267449345,True,True,29.955620985558895,True,11.976114524259609,77,21.095890410958905,臺南市,北區
臺南市安平區,120.1649949,22.99008437,23.28544267449345,True,True,29.955620985558895,True,11.976114524259609,77,21.095890410958905,臺南市,安平區
臺南市安南區,120.1526189,23.04869681,23.11845093132418,True,True,30.82404270447748,True,11.290723277195394,75,20.54794520547945,臺南市,安南區
臺南市永康區,120.2542795,23.02729532,23.11845093132418,True,True,30.82404270447748,True,11.290723277195394,75,20.54794520547945,臺南市,永康區
臺南市歸仁區,120.2930627,22.94679469,23.28544267449345,True,True,29.955620985558895,True,11.976114524259609,77,21.095890410958905,臺南市,歸仁區
臺南市新化區,120.3357964,23.03394545,23.288418864969643,True,True,29.967793270203085,True,11.976114524259609,77,21.095890410958905,臺南市,新化區
臺南市左鎮區,120.4123917,23.02604611,17.749724945935974,True,True,26.879703243616284,True,5.183842462944293,34,9.315068493150685,臺南市,左鎮區
臺南市玉井區,120.4609622,23.11480926,26.899800476266595,True,True,31.790667545015353,True,17.489701572305915,94,25.753424657534246,臺南市,玉井區
臺南市楠西區,120.5170304,23.17885854,26.899800476266595,True,True,31.790667545015353,True,17.489701572305915,94,25.753424657534246,臺南市,楠西區
臺南市南化區,120.5441223,23.1151111,17.749724945935974,True,True,26.879703243616284,True,5.183842462944293,34,9.315068493150685,臺南市,南化區
臺南市仁德區,120.2418788,22.94130931,23.28544267449345,True,True,29.955620985558895,True,11.976114524259609,77,21.095890410958905,臺南市,仁德區
臺南市關廟區,120.3342821,22.95577909,23.28544267449345,True,True,29.955620985558895,True,11.976114524259609,77,21.095890410958905,臺南市,關廟區
臺南市龍崎區,120.3869373,22.95482276,23.11845093132418,True,True,30.82404270447748,True,11.290723277195394,75,20.54794520547945,臺南市,龍崎區
臺南市官田區,120.3479918,23.19098548,26.899800476266595,True,True,31.790667545015353,True,17.489701572305915,94,25.753424657534246,臺南市,官田區
臺南市麻豆區,120.241308,23.18248033,23.291395055445832,True,True,29.979965554847276,True,11.976114524259609,77,21.095890410958905,臺南市,麻豆區
臺南市佳里區,120.178593,23.1669941,23.288418864969643,True,True,29.967793270203085,True,11.976114524259609,77,21.095890410958905,臺南市,佳里區
臺南市西港區,120.2002309,23.12491893,22.66618990680414,True,True,30.34533194261455,True,9.698056295468865,73,20.0,臺南市,西港區
臺南市七股區,120.1005854,23.12326578,23.11845093132418,True,True,30.82404270447748,True,11.290723277195394,75,20.54794520547945,臺南市,七股區
臺南市將軍區,120.1276958,23.20834413,22.66618990680414,True,True,30.34533194261455,True,9.698056295468865,73,20.0,臺南市,將軍區
臺南市學甲區,120.1841865,23.25219805,22.66618990680414,True,True,30.34533194261455,True,9.698056295468865,73,20.0,臺南市,學甲區
臺南市北門區,120.1262357,23.2777708,22.174441928204732,True,True,25.96270406518784,True,12.8972998126223,77,21.095890410958905,臺南市,北門區
臺南市新營區,120.2954067,23.30152488,22.174441928204732,True,True,25.96270406518784,True,12.8972998126223,77,21.095890410958905,臺南市,新營區
臺南市後壁區,120.3485081,23.36201478,24.063123981647237,True,True,31.55760648051838,True,12.592537326410202,78,21.36986301369863,臺南市,後壁區
臺南市白河區,120.4578565,23.35132068,26.899800476266595,True,True,31.790667545015353,True,17.489701572305915,94,25.753424657534246,臺南市,白河區
臺南市東山區,120.4441211,23.2783187,24.063123981647237,True,True,31.55760648051838,True,12.592537326410202,78,21.36986301369863,臺南市,東山區
臺南市六甲區,120.3800259,23.2272672,22.66618990680414,True,True,30.34533194261455,True,9.698056295468865,73,20.0,臺南市,六甲區
臺南市下營區,120.26484,23.23103978,22.66618990680414,True,True,30.34533194261455,True,9.698056295468865,73,20.0,臺南市,下營區
臺南市柳營區,120.3549205,23.26887001,22.66618990680414,True,True,30.34533194261455,True,9.698056295468865,73,20.0,臺南市,柳營區
臺南市鹽水區,120.2482977,23.29798622,22.174441928204732,True,True,25.96270406518784,True,12.8972998126223,77,21.095890410958905,臺南市,鹽水區
臺南市善化區,120.2988274,23.14031072,23.291395055445832,True,True,29.979965554847276,True,11.976114524259609,77,21.095890410958905,臺南市,善化區
臺南市大內區,120.3988147,23.14482152,26.899800476266595,True,True,31.790667545015353,True,17.489701572305915,94,25.753424657534246,臺南市,大內區
臺南市山上區,120.370977,23.09689329,23.288418864969643,True,True,29.967793270203085,True,11.976114524259609,77,21.095890410958905,臺南市,山上區
臺南市新市區,120.2923941,23.08319496,23.288418864969643,True,True,29.967793270203085,True,11.976114524259609,77,21.095890410958905,臺南市,新市區
臺南市安定區,120.2296235,23.09974927,22.66618990680414,True,True,30.34533194261455,True,9.698056295468865,73,20.0,臺南市,安定區
高雄市新興區,120.3067337,22.62992906,23.97978024930394,True,True,39.78339482874953,True,8.100821939960458,86,23.56164383561644,高雄市,新興區
高雄市前金區,120.2944217,22.6269905,23.97978024930394,True,True,39.78339482874953,True,8.100821939960458,86,23.56164383561644,高雄市,前金區
高雄市苓雅區,120.3209103,22.62359448,23.31476641072062,True,True,38.152942625007874,True,7.220115064685254,100,27.397260273972602,高雄市,苓雅區
高雄市鹽埕區,120.2842331,22.62424585,23.31476641072062,True,True,38.152942625007874,True,7.220115064685254,100,27.397260273972602,高雄市,鹽埕區
高雄市鼓山區,120.274163,22.65019525,23.269176530674617,True,True,35.03213841311668,True,10.587631205850164,85,23.28767123287671,高雄市,鼓山區
高雄市旗津區,120.2891539,22.58565583,23.97978024930394,True,True,39.78339482874953,True,8.100821939960458,86,23.56164383561644,高雄市,旗津區
高雄市前鎮區,120.3146749,22.59269724,23.97978024930394,True,True,39.78339482874953,True,8.100821939960458,86,23.56164383561644,高雄市,前鎮區
高雄市三民區,120.3179187,22.64989883,23.269176530674617,True,True,35.03213841311668,True,10.587631205850164,85,23.28767123287671,高雄市,三民區
高雄市楠梓區,120.300758,22.72109961,29.933676077771523,True,True,39.11888632703851,True,10.05829070758738,112,30.684931506849317,高雄市,楠梓區
高雄市小港區,120.3592605,22.55140207,27.55225721595755,True,True,38.795740008783504,True,13.873236306345575,92,25.205479452054796,高雄市,小港區
高雄市左營區,120.2951588,22.68395699,24.432253069690606,True,True,37.29080488683845,True,10.72284090133469,89,24.383561643835616,高雄市,左營區
高雄市仁武區,120.3605265,22.70120782,27.579456115653254,True,True,40.12250481000481,True,12.55993425682698,114,31.232876712328768,高雄市,仁武區
高雄市大社區,120.3707994,22.73983479,24.432253069690606,True,True,37.29080488683845,True,10.72284090133469,89,24.383561643835616,高雄市,大社區
南海諸島東沙群島,116.906984,20.705842,23.31476641072062,True,True,38.152942625007874,True,7.220115064685254,100,27.397260273972602,,南海諸島東沙群島
南海諸島南沙群島,115.812406,10.724232,24.26731430984735,True,True,33.612349100175194,True,13.079426802815027,102,27.945205479452056,,南海諸島南沙群島
高雄市岡山區,120.2978906,22.80505886,27.579456115653254,True,True,40.12250481000481,True,12.55993425682698,114,31.232876712328768,高雄市,岡山區
高雄市路竹區,120.2659871,22.85724171,27.579456115653254,True,True,40.12250481000481,True,12.55993425682698,114,31.232876712328768,高雄市,路竹區
高雄市阿蓮區,120.3210967,22.87022883,27.579456115653254,True,True,40.12250481000481,True,12.55993425682698,114,31.232876712328768,高雄市,阿蓮區
高雄市田寮區,120.3959842,22.86394307,29.933676077771523,True,True,39.11888632703851,True,10.05829070758738,112,30.684931506849317,高雄市,田寮區
高雄市燕巢區,120.370799,22.78769626,29.933676077771523,True,True,39.11888632703851,True,10.05829070758738,112,30.684931506849317,高雄市,燕巢區
高雄市橋頭區,120.3006534,22.75252398,27.579456115653254,True,True,40.12250481000481,True,12.55993425682698,114,31.232876712328768,高雄市,橋頭區
高雄市梓官區,120.2593989,22.748209,27.579456115653254,True,True,40.12250481000481,True,12.55993425682698,114,31.232876712328768,高雄市,梓官區
高雄市彌陀區,120.2394571,22.77944528,27.579456115653254,True,True,40.12250481000481,True,12.55993425682698,114,31.232876712328768,高雄市,彌陀區
高雄市永安區,120.228051,22.82224585,27.579456115653254,True,True,40.12250481000481,True,12.55993425682698,114,31.232876712328768,高雄市,永安區
高雄市湖內區,120.2259375,22.89324952,29.933676077771523,True,True,39.11888632703851,True,10.05829070758738,112,30.684931506849317,高雄市,湖內區
高雄市鳳山區,120.3554359,22.61379251,23.97978024930394,True,True,39.78339482874953,True,8.100821939960458,86,23.56164383561644,高雄市,鳳山區
高雄市大寮區,120.4111468,22.59283576,25.017122738803618,True,True,39.23601140807662,True,9.815506520102455,103,28.21917808219178,高雄市,大寮區
高雄市林園區,120.399052,22.50813743,27.55225721595755,True,True,38.795740008783504,True,13.873236306345575,92,25.205479452054796,高雄市,林園區
高雄市鳥松區,120.3727783,22.66249302,24.432253069690606,True,True,37.29080488683845,True,10.72284090133469,89,24.383561643835616,高雄市,鳥松區
高雄市大樹區,120.425407,22.71100364,24.432253069690606,True,True,37.29080488683845,True,10.72284090133469,89,24.383561643835616,高雄市,大樹區
高雄市旗山區,120.4754554,22.86497033,27.579456115653254,True,True,40.12250481000481,True,12.55993425682698,114,31.232876712328768,高雄市,旗山區
高雄市美濃區,120.5634635,22.90005529,25.352850181385005,True,True,36.52621740176088,True,10.635266041456966,107,29.315068493150687,高雄市,美濃區
高雄市六龜區,120.6585635,23.01195426,22.66618990680414,True,True,30.34533194261455,True,9.698056295468865,73,20.0,高雄市,六龜區
高雄市內門區,120.4719272,22.95668817,22.66618990680414,True,True,30.34533194261455,True,9.698056295468865,73,20.0,高雄市,內門區
高雄市杉林區,120.5621971,22.99694681,22.66618990680414,True,True,30.34533194261455,True,9.698056295468865,73,20.0,高雄市,杉林區
高雄市甲仙區,120.6232895,23.11654995,22.66618990680414,True,True,30.34533194261455,True,9.698056295468865,73,20.0,高雄市,甲仙區
高雄市桃源區,120.8523383,23.2249459,24.063123981647237,True,True,31.55760648051838,True,12.592537326410202,78,21.36986301369863,高雄市,桃源區
高雄市那瑪夏區,120.741944,23.275008,26.899800476266595,True,True,31.790667545015353,True,17.489701572305915,94,25.753424657534246,高雄市,那瑪夏區
高雄市茂林區,120.752384,22.91993256,25.352850181385005,True,True,36.52621740176088,True,10.635266041456966,107,29.315068493150687,高雄市,茂林區
高雄市茄萣區,120.1980519,22.88241399,29.933676077771523,True,True,39.11888632703851,True,10.05829070758738,112,30.684931506849317,高雄市,茄萣區
澎湖縣馬公市,119.59234,23.55534,22.542549647557404,True,True,23.795558535667233,True,17.784814047236402,80,21.91780821917808,澎湖縣,馬公市
澎湖縣西嶼鄉,119.50783,23.59975,22.542549647557404,True,True,23.795558535667233,True,17.784814047236402,80,21.91780821917808,澎湖縣,西嶼鄉
澎湖縣望安鄉,119.50406,23.36904,22.174441928204732,True,True,25.96270406518784,True,12.8972998126223,77,21.095890410958905,澎湖縣,望安鄉
澎湖縣七美鄉,119.43393,23.20108,23.288418864969643,True,True,29.967793270203085,True,11.976114524259609,77,21.095890410958905,澎湖縣,七美鄉
澎湖縣白沙鄉,119.59251,23.64178,22.542549647557404,True,True,23.795558535667233,True,17.784814047236402,80,21.91780821917808,澎湖縣,白沙鄉
澎湖縣湖西鄉,119.64462,23.57364,22.542549647557404,True,True,23.795558535667233,True,17.784814047236402,80,21.91780821917808,澎湖縣,湖西鄉
金門縣金沙鎮,118.40841,24.45865,13.963980827590113,True,True,17.190971307275657,True,8.958169410142471,6,1.643835616438356,金門縣,金沙鎮
金門縣金湖鎮,118.40373,24.41496,13.963980827590113,True,True,17.190971307275657,True,8.958169410142471,6,1.643835616438356,金門縣,金湖鎮
金門縣金寧鄉,118.31705,24.42482,13.963980827590113,True,True,17.190971307275657,True,8.958169410142471,6,1.643835616438356,金門縣,金寧鄉
金門縣金城鎮,118.30128,24.38402,13.963980827590113,True,True,17.190971307275657,True,8.958169410142471,6,1.643835616438356,金門縣,金城鎮
金門縣烈嶼鄉,118.22789,24.40166,13.963980827590113,True,True,17.190971307275657,True,8.958169410142471,6,1.643835616438356,金門縣,烈嶼鄉
金門縣烏坵鄉,119.452738,24.992338,20.333492584445523,True,True,24.245265543635107,True,11.394155997594089,48,13.150684931506849,金門縣,烏坵鄉
屏東縣屏東市,120.4799948,22.6647375,27.55225721595755,True,True,38.795740008783504,True,13.873236306345575,92,25.205479452054796,屏東縣,屏東市
屏東縣三地門鄉,120.6865219,22.79786847,25.352850181385005,True,True,36.52621740176088,True,10.635266041456966,107,29.315068493150687,屏東縣,三地門鄉
屏東縣霧臺鄉,120.8008099,22.75990478,25.352850181385005,True,True,36.52621740176088,True,10.635266041456966,107,29.315068493150687,屏東縣,霧臺鄉
屏東縣瑪家鄉,120.6799239,22.67107764,24.354481099603202,True,True,36.86970611916263,True,12.131866745022466,85,23.28767123287671,屏東縣,瑪家鄉
屏東縣九如鄉,120.4845044,22.7316677,27.579456115653254,True,True,40.12250481000481,True,12.55993425682698,114,31.232876712328768,屏東縣,九如鄉
屏東縣里港鄉,120.5061276,22.79854831,25.352850181385005,True,True,36.52621740176088,True,10.635266041456966,107,29.315068493150687,屏東縣,里港鄉
屏東縣高樹鄉,120.6017678,22.80992022,25.352850181385005,True,True,36.52621740176088,True,10.635266041456966,107,29.315068493150687,屏東縣,高樹鄉
屏東縣鹽埔鄉,120.5693941,22.74253636,17.749724945935974,True,True,26.879703243616284,True,5.183842462944293,34,9.315068493150685,屏東縣,鹽埔鄉
屏東縣長治鄉,120.555979,22.69454952,24.354481099603202,True,True,36.86970611916263,True,12.131866745022466,85,23.28767123287671,屏東縣,長治鄉
屏東縣麟洛鄉,120.5299693,22.64876367,27.55225721595755,True,True,38.795740008783504,True,13.873236306345575,92,25.205479452054796,屏東縣,麟洛鄉
屏東縣竹田鄉,120.5266379,22.58855636,25.352850181385005,True,True,36.52621740176088,True,10.635266041456966,107,29.315068493150687,屏東縣,竹田鄉
屏東縣內埔鄉,120.5888222,22.65116933,24.354481099603202,True,True,36.86970611916263,True,12.131866745022466,85,23.28767123287671,屏東縣,內埔鄉
屏東縣萬丹鄉,120.4766188,22.58849547,25.352850181385005,True,True,36.52621740176088,True,10.635266041456966,107,29.315068493150687,屏東縣,萬丹鄉
屏東縣潮州鎮,120.5568063,22.53642947,27.55225721595755,True,True,38.795740008783504,True,13.873236306345575,92,25.205479452054796,屏東縣,潮州鎮
屏東縣泰武鄉,120.6917929,22.60408477,25.352850181385005,True,True,36.52621740176088,True,10.635266041456966,107,29.315068493150687,屏東縣,泰武鄉
屏東縣來義鄉,120.6857232,22.50157206,27.55225721595755,True,True,38.795740008783504,True,13.873236306345575,92,25.205479452054796,屏東縣,來義鄉
屏東縣萬巒鄉,120.601817,22.58233459,25.352850181385005,True,True,36.52621740176088,True,10.635266041456966,107,29.315068493150687,屏東縣,萬巒鄉
屏東縣崁頂鄉,120.5006598,22.51528151,27.55225721595755,True,True,38.795740008783504,True,13.873236306345575,92,25.205479452054796,屏東縣,崁頂鄉
屏東縣新埤鄉,120.5846257,22.48676279,24.26731430984735,True,True,33.612349100175194,True,13.079426802815027,102,27.945205479452056,屏東縣,新埤鄉
屏東縣南州鄉,120.5180561,22.47980704,24.26731430984735,True,True,33.612349100175194,True,13.079426802815027,102,27.945205479452056,屏東縣,南州鄉
屏東縣林邊鄉,120.5125095,22.44142101,24.26731430984735,True,True,33.612349100175194,True,13.079426802815027,102,27.945205479452056,屏東縣,林邊鄉
屏東縣東港鎮,120.4751333,22.46265635,24.354481099603202,True,True,36.86970611916263,True,12.131866745022466,85,23.28767123287671,屏東縣,東港鎮
屏東縣琉球鄉,120.3710466,22.34000278,23.56600231447463,True,True,37.88933843263555,True,9.531326974852494,87,23.835616438356162,屏東縣,琉球鄉
屏東縣佳冬鄉,120.5476124,22.42980624,24.26731430984735,True,True,33.612349100175194,True,13.079426802815027,102,27.945205479452056,屏東縣,佳冬鄉
屏東縣新園鄉,120.4501429,22.5171903,27.55225721595755,True,True,38.795740008783504,True,13.873236306345575,92,25.205479452054796,屏東縣,新園鄉
屏東縣枋寮鄉,120.5975845,22.40334199,24.26731430984735,True,True,33.612349100175194,True,13.079426802815027,102,27.945205479452056,屏東縣,枋寮鄉
屏東縣枋山鄉,120.6567673,22.27086962,24.26731430984735,True,True,33.612349100175194,True,13.079426802815027,102,27.945205479452056,屏東縣,枋山鄉
屏東縣春日鄉,120.6975799,22.40399754,24.26731430984735,True,True,33.612349100175194,True,13.079426802815027,102,27.945205479452056,屏東縣,春日鄉
屏東縣獅子鄉,120.7356454,22.26084921,24.354481099603202,True,True,36.86970611916263,True,12.131866745022466,85,23.28767123287671,屏東縣,獅子鄉
屏東縣車城鄉,120.7432633,22.07915617,24.354481099603202,True,True,36.86970611916263,True,12.131866745022466,85,23.28767123287671,屏東縣,車城鄉
屏東縣牡丹鄉,120.8173609,22.15552859,24.354481099603202,True,True,36.86970611916263,True,12.131866745022466,85,23.28767123287671,屏東縣,牡丹鄉
屏東縣恆春鎮,120.7632537,21.98531645,24.354481099603202,True,True,36.86970611916263,True,12.131866745022466,85,23.28767123287671,屏東縣,恆春鎮
屏東縣滿州鄉,120.8435675,22.04930015,24.354481099603202,True,True,36.86970611916263,True,12.131866745022466,85,23.28767123287671,屏東縣,滿州鄉
臺東縣臺東市,121.1103647,22.75165721,9.985595118429575,True,True,9.755528054875878,True,10.43290495535061,3,0.821917808219178,臺東縣,臺東市
臺東縣綠島鄉,121.4901951,22.66017537,9.985595118429575,True,True,9.755528054875878,True,10.43290495535061,3,0.821917808219178,臺東縣,綠島鄉
臺東縣蘭嶼鄉,121.5508328,22.04616835,8.57006992411995,True,True,8.678377721312504,True,8.206218698598189,1,0.273972602739726,臺東縣,蘭嶼鄉
臺東縣延平鄉,120.9831902,22.90343174,9.985595118429575,True,True,9.755528054875878,True,10.43290495535061,3,0.821917808219178,臺東縣,延平鄉
臺東縣卑南鄉,121.0015521,22.76494453,9.985595118429575,True,True,9.755528054875878,True,10.43290495535061,3,0.821917808219178,臺東縣,卑南鄉
臺東縣鹿野鄉,121.1560376,22.95125666,8.57006992411995,True,True,8.678377721312504,True,8.206218698598189,1,0.273972602739726,臺東縣,鹿野鄉
臺東縣關山鎮,121.1766197,23.03780684,8.57006992411995,True,True,8.678377721312504,True,8.206218698598189,1,0.273972602739726,臺東縣,關山鎮
臺東縣海端鄉,121.0175672,23.11478528,8.57006992411995,True,True,8.678377721312504,True,8.206218698598189,1,0.273972602739726,臺東縣,海端鄉
臺東縣池上鄉,121.2184501,23.09248714,8.57006992411995,True,True,8.678377721312504,True,8.206218698598189,1,0.273972602739726,臺東縣,池上鄉
臺東縣東河鄉,121.2517917,22.98006921,8.57006992411995,True,True,8.678377721312504,True,8.206218698598189,1,0.273972602739726,臺東縣,東河鄉
臺東縣成功鎮,121.3537983,23.12663716,8.57006992411995,True,True,8.678377721312504,True,8.206218698598189,1,0.273972602739726,臺東縣,成功鎮
臺東縣長濱鄉,121.4261725,23.33476899,8.57006992411995,True,True,8.678377721312504,True,8.206218698598189,1,0.273972602739726,臺東縣,長濱鄉
臺東縣太麻里鄉,120.9797643,22.59098082,24.354481099603202,True,True,36.86970611916263,True,12.131866745022466,85,23.28767123287671,臺東縣,太麻里鄉
臺東縣金峰鄉,120.8570384,22.58161687,8.57006992411995,True,True,8.678377721312504,True,8.206218698598189,1,0.273972602739726,臺東縣,金峰鄉
臺東縣大武鄉,120.8991703,22.38359522,8.903814057165373,True,True,8.794612637764812,True,7.586949889294539,4,1.095890410958904,臺東縣,大武鄉
臺東縣達仁鄉,120.8355239,22.38430718,24.26731430984735,True,True,33.612349100175194,True,13.079426802815027,102,27.945205479452056,臺東縣,達仁鄉
花蓮縣花蓮市,121.6071463,23.99700271,21.310868109821897,True,True,21.652832413158496,True,16.780981994533498,8,2.191780821917808,花蓮縣,花蓮市
花蓮縣新城鄉,121.6137969,24.05579952,11.477984453923133,True,True,8.678752808129238,True,12.631816084828845,3,0.821917808219178,花蓮縣,新城鄉
花蓮縣秀林鄉,121.4807194,24.12374414,21.310868109821897,True,True,21.652832413158496,True,16.780981994533498,8,2.191780821917808,花蓮縣,秀林鄉
花蓮縣吉安鄉,121.5646738,23.95546585,21.310868109821897,True,True,21.652832413158496,True,16.780981994533498,8,2.191780821917808,花蓮縣,吉安鄉
花蓮縣壽豐鄉,121.5341569,23.84459714,21.310868109821897,True,True,21.652832413158496,True,16.780981994533498,8,2.191780821917808,花蓮縣,壽豐鄉
花蓮縣鳳林鎮,121.4698848,23.74324462,21.310868109821897,True,True,21.652832413158496,True,16.780981994533498,8,2.191780821917808,花蓮縣,鳳林鎮
花蓮縣光復鄉,121.4351231,23.64658742,21.310868109821897,True,True,21.652832413158496,True,16.780981994533498,8,2.191780821917808,花蓮縣,光復鄉
花蓮縣豐濱鄉,121.4942331,23.58519428,21.310868109821897,True,True,21.652832413158496,True,16.780981994533498,8,2.191780821917808,花蓮縣,豐濱鄉
花蓮縣瑞穗鄉,121.4073472,23.5156124,9.985595118429575,True,True,9.755528054875878,True,10.43290495535061,3,0.821917808219178,花蓮縣,瑞穗鄉
花蓮縣萬榮鄉,121.3189531,23.72772629,21.310868109821897,True,True,21.652832413158496,True,16.780981994533498,8,2.191780821917808,花蓮縣,萬榮鄉
花蓮縣玉里鎮,121.3604476,23.37143588,6.767273184925058,True,True,7.5300557333166,True,4.493466088102193,2,0.547945205479452,花蓮縣,玉里鎮
花蓮縣卓溪鄉,121.1804222,23.39062875,26.283714157494234,True,True,33.84797308837163,True,12.973155587061544,91,24.93150684931507,花蓮縣,卓溪鄉
花蓮縣富里鄉,121.2980494,23.19672092,8.57006992411995,True,True,8.678377721312504,True,8.206218698598189,1,0.273972602739726,花蓮縣,富里鄉
